{
    "mongo": {
        "host":"172.17.0.5",
        "port":27017,
        "database":"wechat",
        "username":"root",
        "password":"YuHaoWei0830!"
    },
    "minio": {
        "host":"49.232.159.40",
        "port":9000,
        "username":"minioadmin",
        "password":"minioadmin"
    },
    "api_word" : {
        "菜单": {"类型": "接口0"},
        "彩虹屁": {"类型": "接口1", "链接": "https://chp.shadiao.app/api.php"},
        "朋友圈": {"类型": "接口1", "链接": "https://pyq.shadiao.app/api.php"},
        "鸡汤": {"类型": "接口1", "链接": "https://du.shadiao.app/api.php"},
        "骂街": {"类型": "接口1", "链接": "https://nmsl.shadiao.app/api.php?level=min&lang=zh_cn"},
        "舔狗日记": {"类型": "接口2"},
        "打工人语录": {"类型": "接口2"},
        "你好污啊": {"类型": "接口2"},
        "文艺句子": {"类型": "接口2"},
        "网抑云": {"类型": "接口2"},
        "动漫语录": {"类型": "接口2"},
        "土味情话": {"类型": "接口2"},
        "名人名言": {"类型": "接口2"},
        "诗词": {"类型": "接口2"},
        "每日一文": {"类型": "接口3"},
        "龙王": {"类型": "接口4"}
    },
    "pyecharts":[
        "funnel",
        "pie",
        "wordcloud",
        "bar",
        "line"
    ],
    "ai_gen":1,
    "dragon":[
        "无人能出其右",
        "我愿称你为最强",
        "感谢你为本群增加了活跃度",
        "已经仅次于我了",
        "隔着屏幕我都能闻到键盘在冒火星",
        "不会吧不会吧，居然有人像我一样无聊",
        "本数据纯属虚构，请勿核查，版权所有，翻版必究",
        "脱口秀大会没有你，我把电视砸了，老铁们我做的对么？",
        "干啥啥不行，水群第一名",
        "按照一个字一个砖头来算，够垒一座坟了",
        "贿赂我可以清空他/它的数据，你们考虑下？",
        "我怀疑你是群主请来的托",
        "你喜欢唱、跳、Rap和水群？",
        "舍得一身剐，敢把龙王拉下马！",
        "其他人都是哑巴么",
        "承包了10.24%的群聊消息",
        "战胜了95.27%群友",
        "前无古人后无来者",
        "累死你个鳖孙",
        "留给其他人的时间不多了",
        "难道你也是个聊天机器人？",
        "来人，掌嘴！",
        "不听不听王八念经",
        "我瞎编的，如有雷同，不胜荣幸",
        "和蜘蛛侠、死侍并称嘴炮三巨头",
        "荣升五代目嘴影",
        "拦都拦不住，TMD，我都烦死了",
        "明年年初，中美合拍西游记即将开机，我将出演龙王三太子，请大家多多支持",
        "给龙王来一杯卡布奇诺，开始你的脱口秀",
        "你们可能不知道几句话赢得龙王是什么概念，我们用两个字来形容：唠怪！",
        "你今天能蝉联一整天龙王，我~当~场~就把这个电脑屏幕吃掉！"
    ]
}