{
    "mongo": {
        "host":"192.168.1.1",
        "port":27017,
        "database":"wechat",
        "username":"root",
        "password":"root"
    },
    "minio": {
        "host":"192.168.1.1",
        "port":9000,
        "username":"root",
        "password":"root"
    },
    "api_word" : {
        "菜单": {"类型": "接口0"},
        "彩虹屁": {"类型": "接口1", "链接": "https://chp.shadiao.app/api.php"},
        "朋友圈": {"类型": "接口1", "链接": "https://pyq.shadiao.app/api.php"},
        "鸡汤": {"类型": "接口1", "链接": "https://du.shadiao.app/api.php"},
        "骂街": {"类型": "接口1", "链接": "https://nmsl.shadiao.app/api.php?level=min&lang=zh_cn"},
        "舔狗日记": {"类型": "接口2"},
        "打工人语录": {"类型": "接口2"},
        "你好污啊": {"类型": "接口2"},
        "文艺句子": {"类型": "接口2"},
        "网抑云": {"类型": "接口2"},
        "动漫语录": {"类型": "接口2"},
        "土味情话": {"类型": "接口2"},
        "名人名言": {"类型": "接口2"},
        "诗词": {"类型": "接口2"},
        "每日一文": {"类型": "接口3"},
        "龙王": {"类型": "接口4"}
    },
    "pyecharts":[
        "funnel",
        "pie",
        "wordcloud",
        "bar",
        "line"
    ],
    "ai_gen":1,
    "dragon":[
        "无人能出其右",
        "我愿称你为最强"
    ]
}